{
    "0": [
        0.1215686274509814,
        0.46666666666666673,
        0.7058823529411765
    ],
    "1": [
        0.6823529411764716,
        0.7803921568627448,
        0.9098039215686273
    ],
    "2": [
        0.9999999999999999,
        0.4980392156862746,
        0.054901960784313704
    ],
    "3": [
        1.0,
        0.7333333333333332,
        0.4705882352941176
    ],
    "4": [
        0.17254901960784258,
        0.6274509803921567,
        0.17254901960784305
    ],
    "5": [
        0.5960784313725496,
        0.8745098039215682,
        0.5411764705882354
    ],
    "6": [
        0.8392156862745097,
        0.15294117647058894,
        0.15686274509803916
    ],
    "7": [
        1.0,
        0.5960784313725487,
        0.5882352941176471
    ],
    "8": [
        0.5803921568627448,
        0.40392156862745127,
        0.7411764705882354
    ],
    "9": [
        0.7725490196078433,
        0.6901960784313728,
        0.8352941176470587
    ],
    "10": [
        0.5490196078431372,
        0.3372549019607845,
        0.29411764705882343
    ],
    "11": [
        0.7686274509803924,
        0.6117647058823528,
        0.5803921568627451
    ],
    "12": [
        0.8901960784313724,
        0.46666666666666684,
        0.7607843137254902
    ],
    "13": [
        0.9686274509803924,
        0.7137254901960786,
        0.823529411764706
    ],
    "14": [
        0.4980392156862748,
        0.49803921568627435,
        0.49803921568627446
    ],
    "15": [
        0.7803921568627449,
        0.7803921568627451,
        0.7803921568627451
    ],
    "16": [
        0.7372549019607841,
        0.7411764705882354,
        0.13333333333333328
    ],
    "17": [
        0.8588235294117647,
        0.8588235294117647,
        0.5529411764705882
    ],
    "18": [
        0.09019607843137606,
        0.7450980392156858,
        0.8117647058823527
    ],
    "19": [
        0.6196078431372551,
        0.8549019607843137,
        0.8980392156862744
    ],
    "20": [
        0.2739791617631006,
        0.5667282675009182,
        0.8147014381426045
    ],
    "21": [
        0.7913990847612199,
        0.8902095821570092,
        1.0
    ],
    "22": [
        1.0,
        0.6036431949543442,
        0.1939688615041039
    ],
    "23": [
        1.0,
        0.8421777687476826,
        0.5738202125244974
    ],
    "24": [
        0.3041299429894755,
        0.7356411929835315,
        0.27653138557257784
    ],
    "25": [
        0.7053719834090265,
        0.9875254163110369,
        0.6461643321755423
    ],
    "26": [
        0.9664872784769162,
        0.28523276106221473,
        0.24656654093282038
    ],
    "27": [
        1.0,
        0.7035448864703294,
        0.6928450341437719
    ],
    "28": [
        0.688181296902175,
        0.5043483046553227,
        0.8510331469197605
    ],
    "29": [
        0.8826529261189525,
        0.7978924851837396,
        0.9466773385711739
    ],
    "30": [
        0.6568209777843896,
        0.43414319708764326,
        0.38780451675129096
    ],
    "31": [
        0.8796234005330071,
        0.7173296029251903,
        0.6847741066539039
    ],
    "32": [
        1.0,
        0.5735545888800025,
        0.8705123094803479
    ],
    "33": [
        1.0,
        0.8228576703308038,
        0.9344797539274721
    ],
    "34": [
        0.599692118243316,
        0.5996915020066095,
        0.5996946553458269
    ],
    "35": [
        0.8902671895873436,
        0.8902665263765678,
        0.8902699200824272
    ],
    "36": [
        0.8529859630672468,
        0.8496549902895396,
        0.2605155929750023
    ],
    "37": [
        0.9726426632364823,
        0.9704934302403024,
        0.6583732554256078
    ],
    "38": [
        0.2901385510091584,
        0.8550783324307275,
        0.9225132496022375
    ],
    "39": [
        0.7290703453661389,
        0.9668133291332738,
        1.0
    ],
    "40": [
        0.39748669892738103,
        0.6702537707025454,
        0.9261711307247266
    ],
    "41": [
        0.9029733013056587,
        1.0,
        1.0
    ],
    "42": [
        1.0,
        0.7116860431458262,
        0.30470424700155047
    ],
    "43": [
        1.0,
        0.9443619997309433,
        0.6710005469173128
    ],
    "44": [
        0.4218594461636804,
        0.8464281233990022,
        0.378978859881103
    ],
    "45": [
        0.7884378275216875,
        1.0,
        0.7264058695066312
    ],
    "46": [
        1.0,
        0.40188846453771665,
        0.3401521512922598
    ],
    "47": [
        1.0,
        0.813543952666494,
        0.8004674815851804
    ],
    "48": [
        0.7984583714714468,
        0.6079017660997845,
        0.9634646012618288
    ],
    "49": [
        0.995334493818742,
        0.9083500293552712,
        1.0
    ],
    "50": [
        0.7671363378138988,
        0.5345889566353607,
        0.485563655374822
    ],
    "51": [
        0.9930893134766604,
        0.8258086246680836,
        0.7921848426637766
    ],
    "52": [
        1.0,
        0.6824535604663898,
        0.9828513542071738
    ],
    "53": [
        1.0,
        0.9269607182315412,
        1.0
    ],
    "54": [
        0.704612996409589,
        0.7046117267507483,
        0.7046182237333826
    ],
    "55": [
        1.0,
        0.9999992205030644,
        1.0
    ],
    "56": [
        0.9706832620510778,
        0.9608546221834687,
        0.3732471810061394
    ],
    "57": [
        1.0,
        1.0,
        0.7031600872893922
    ],
    "58": [
        0.4290597916324893,
        0.9676170549870803,
        1.0
    ],
    "59": [
        0.8016832838378383,
        1.0,
        1.0
    ],
    "60": [
        0.5146562048745027,
        0.7769157934358335,
        1.0
    ],
    "61": [
        0.9094561804450215,
        1.0,
        1.0
    ],
    "62": [
        1.0,
        0.8221536502424771,
        0.41172622061633574
    ],
    "63": [
        1.0,
        0.9443619997309433,
        0.6710005469173128
    ],
    "64": [
        0.5363578438208164,
        0.9596634692700182,
        0.4827308045280377
    ],
    "65": [
        0.7884378275216875,
        1.0,
        0.7264058695066312
    ],
    "66": [
        1.0,
        0.5151190581002834,
        0.43749347682584616
    ],
    "67": [
        1.0,
        0.8864005057683697,
        0.8719717763650866
    ],
    "68": [
        0.9111265568057482,
        0.714391066159946,
        1.0
    ],
    "69": [
        1.0,
        0.9684964717958967,
        1.0
    ],
    "70": [
        0.8798462608646809,
        0.6383009448559127,
        0.5869493871031553
    ],
    "71": [
        1.0,
        0.9369883063327267,
        0.9023883144996876
    ],
    "72": [
        1.0,
        0.793515885352932,
        1.0
    ],
    "73": [
        1.0,
        0.9269607182315412,
        1.0
    ],
    "74": [
        0.8125218979499772,
        0.8125199421940461,
        0.8125299500385214
    ],
    "75": [
        1.0,
        0.9999992205030644,
        1.0
    ],
    "76": [
        1.0,
        1.0,
        0.4358456197432385
    ],
    "77": [
        1.0,
        1.0,
        0.7031600872893922
    ],
    "78": [
        0.5493288265228216,
        1.0,
        1.0
    ],
    "79": [
        0.8016832838378383,
        1.0,
        1.0
    ],
    "80": [
        0.6303180698130098,
        0.8864528941486846,
        1.0
    ],
    "81": [
        0.9094561804450215,
        1.0,
        1.0
    ],
    "82": [
        1.0,
        0.857076849425607,
        0.4450565120320951
    ],
    "83": [
        1.0,
        0.9443619997309433,
        0.6710005469173128
    ],
    "84": [
        0.6505540277957894,
        1.0,
        0.5885797408057569
    ],
    "85": [
        0.7884378275216875,
        1.0,
        0.7264058695066312
    ],
    "86": [
        1.0,
        0.6280749180976847,
        0.5383186055690428
    ],